geo,TIME_PERIOD,energy_group,generation_gwh,total_gwh,share
Albania,2000,Hydro,4594.0,4594.0,1.0
Albania,2001,Hydro,3555.0,3555.0,1.0
Albania,2002,Hydro,3512.0,3512.0,1.0
Albania,2003,Hydro,4885.0,4885.0,1.0
Albania,2004,Hydro,5466.0,5466.0,1.0
Albania,2005,Hydro,5373.0,5373.0,1.0
Albania,2006,Hydro,5431.0,5431.0,1.0
Albania,2007,Hydro,2788.0,2788.0,1.0
Albania,2008,Hydro,3797.0,3797.0,1.0
Albania,2009,Hydro,5201.0,5201.0,1.0
Albania,2010,Hydro,7567.0,7567.0,1.0
Albania,2011,Hydro,4132.0,4132.0,1.0
Albania,2012,Hydro,4725.0,4725.0,1.0
Albania,2013,Hydro,6959.0,6959.0,1.0
Albania,2014,Hydro,4724.441,4724.441,1.0
Albania,2015,Hydro,5895.0,5895.0,1.0
Albania,2016,Hydro,7781.702,7781.702,1.0
Albania,2017,Hydro,4524.979,4524.979,1.0
Albania,2018,Hydro,8552.152,8552.152,1.0
Albania,2019,Hydro,5183.847,5183.847,1.0
Albania,2020,Hydro,5280.901,5280.901,1.0
Albania,2021,Hydro,8921.94,8921.94,1.0
Albania,2022,Hydro,6841.751,6841.751,1.0
Albania,2023,Hydro,8708.557,8708.557,1.0
Austria,2000,Hydro,41835.352,57135.244,0.7322162131660801
Austria,2001,Hydro,40455.406,58088.873999999996,0.6964398380316341
Austria,2002,Hydro,40226.881,58026.628000000004,0.69324864095153
Austria,2003,Hydro,33214.992,55135.496,0.6024248335409914
Austria,2004,Hydro,36762.142,58870.564,0.6244571055918541
Austria,2005,Hydro,37095.138,61445.826,0.6037047658859692
Austria,2006,Hydro,35656.085,59171.053,0.6025933829502746
Austria,2007,Hydro,37054.453,60166.136000000006,0.615868916694268
Austria,2008,Hydro,38329.491,61761.16300000001,0.620608310112295
Austria,2009,Hydro,40896.304,63797.945,0.6410285472361218
Austria,2010,Hydro,38363.418,64737.045,0.5926037865954493
Austria,2011,Hydro,34237.171,59153.687000000005,0.5787833816681621
Austria,2012,Hydro,43847.698,65777.877,0.666602511358036
Austria,2013,Hydro,42016.72,61345.978,0.6849140134337739
Austria,2014,Hydro,41007.237,58214.894,0.704411434640764
Austria,2015,Hydro,37156.866,57943.144,0.6412642365419453
Austria,2016,Hydro,39971.337,61231.651,0.6527888166856712
Austria,2017,Hydro,38293.75,63152.409999999996,0.6063703665465816
Austria,2018,Hydro,37637.911,61037.740999999995,0.6166334202964687
Austria,2019,Hydro,40825.97,66534.148,0.6136092702351881
Austria,2020,Hydro,41998.029,64634.506,0.649777210334059
Austria,2021,Hydro,38751.33,61442.403,0.630693594454631
Austria,2022,Hydro,34625.11,58282.809,0.594087872463388
Austria,2023,Hydro,40672.636,61512.834,0.6612056924576097
Austria,2024,Hydro,45707.084,67951.1,0.6726467121209222
Belgium,2000,Nuclear,48157.0,78862.0,0.6106489817656159
Belgium,2001,Nuclear,46349.0,74126.0,0.6252731834983677
Belgium,2002,Nuclear,47360.0,77336.0,0.6123926761146168
Belgium,2003,Nuclear,47379.0,80584.0,0.5879454978655813
Belgium,2004,Nuclear,47312.0,78903.465,0.5996187873371595
Belgium,2005,Nuclear,47595.0,79973.726,0.5951329565412521
Belgium,2006,Nuclear,46645.0,79082.186,0.5898294212555024
Belgium,2007,Nuclear,48227.0,83686.943,0.5762786675096975
Belgium,2008,Nuclear,45568.0,80520.89199999999,0.5659152409787016
Belgium,2009,Nuclear,47222.0,87877.007,0.5373646828913962
Belgium,2010,Nuclear,47944.0,89974.59999999999,0.5328614964667807
Belgium,2011,Nuclear,48234.0,85417.8,0.5646832393248246
Belgium,2012,Nuclear,40295.0,76735.6,0.5251148098144798
Belgium,2013,Nuclear,42644.0,76556.4,0.5570272374354072
Belgium,2014,Nuclear,33703.0,65581.7,0.5139086056018676
Belgium,2015,Nuclear,26103.0,62704.899999999994,0.41628325697034846
Belgium,2016,Nuclear,43523.0,78396.8,0.5551629658353402
Belgium,2017,Nuclear,42226.8,79087.1,0.5339277834185348
Belgium,2018,Nuclear,28597.0,67145.5,0.42589600196588007
Belgium,2019,Nuclear,43523.6,85512.9,0.508971161076282
Belgium,2020,Nuclear,34434.7,80854.8,0.4258831881347798
Belgium,2021,Nuclear,50326.2,91239.40000000001,0.5515840744239878
Belgium,2022,Nuclear,43879.1,84645.9,0.5183842336132052
Belgium,2023,Nuclear,32927.9,72153.7,0.4563577474197443
Belgium,2024,Nuclear,31254.6,64615.0,0.4837050220537027
Bosnia and Herzegovina,2014,Coal,11012.0,16978.0,0.6486040758628814
Bosnia and Herzegovina,2015,Coal,10803.0,16387.0,0.6592420821382804
Bosnia and Herzegovina,2016,Coal,12021.0,17684.0,0.6797670210359648
Bosnia and Herzegovina,2017,Coal,12339.0,16158.0,0.7636464909023394
Bosnia and Herzegovina,2018,Coal,12437.0,18991.0,0.654889158022221
Bosnia and Herzegovina,2019,Coal,10963.0,17346.0,0.6320189092586187
Bosnia and Herzegovina,2020,Coal,11782.0,16638.0,0.7081379973554514
Bosnia and Herzegovina,2021,Coal,11111.0,18230.0,0.609489851892485
Bosnia and Herzegovina,2022,Coal,10936.0,16080.0,0.6800995024875622
Bosnia and Herzegovina,2023,Coal,9585.0,16736.0,0.5727174952198852
Bosnia and Herzegovina,2024,Coal,9660.0,15174.0,0.6366152629497825
Bulgaria,2000,Nuclear,18178.0,39677.0,0.4581495576782519
Bulgaria,2001,Nuclear,19553.0,42609.0,0.4588936609636462
Bulgaria,2002,Nuclear,20222.0,41070.0,0.49237886535183834
Bulgaria,2003,Coal,19237.0,41280.0,0.4660125968992248
Bulgaria,2004,Coal,18902.0,40369.811,0.4682211665543839
Bulgaria,2005,Nuclear,18653.0,43159.015,0.43219243998038415
Bulgaria,2006,Nuclear,19493.0,44975.021,0.4334183634955946
Bulgaria,2007,Coal,22368.0,42229.649,0.5296752525695868
Bulgaria,2008,Coal,23181.0,44236.0,0.5240302016457185
Bulgaria,2009,Coal,21103.0,41996.123,0.5024987663742199
Bulgaria,2010,Coal,22606.0,45569.517,0.4960772351394464
Bulgaria,2011,Coal,27537.0,49716.413,0.55388147169829
Bulgaria,2012,Coal,22876.0,45481.361000000004,0.5029752737610468
Bulgaria,2013,Coal,19391.598,41422.961,0.46813645214788
Bulgaria,2014,Coal,21305.0,45446.998,0.46878783940800667
Bulgaria,2015,Coal,22522.0,47145.238000000005,0.4777152678707444
Bulgaria,2016,Coal,19364.0,42851.426,0.45188694537259977
Bulgaria,2017,Coal,20914.091,43114.384,0.48508384116075975
Bulgaria,2018,Coal,18659.473,44864.36200000001,0.41590857794879593
Bulgaria,2019,Coal,17202.075,41987.88,0.4096914395296929
Bulgaria,2020,Nuclear,16625.765,38429.487,0.43263041736674757
Bulgaria,2021,Coal,17085.89,45460.114,0.3758435361600721
Bulgaria,2022,Coal,21785.51,47846.937,0.4553167112870778
Bulgaria,2023,Nuclear,16163.276,36371.485,0.44439417307266943
Bulgaria,2024,Nuclear,15777.075,32478.735,0.485766302166633
Croatia,2000,Hydro,6452.9,9575.9,0.6738687747365782
Croatia,2001,Hydro,7180.4,10637.4,0.6750145712298118
Croatia,2002,Hydro,5851.4,10487.4,0.5579457253466064
Croatia,2003,Hydro,5457.8,9922.8,0.5500262022816141
Croatia,2004,Hydro,7626.6,12230.6,0.6235671185387471
Croatia,2005,Hydro,7035.5,11201.5,0.6280855242601437
Croatia,2006,Hydro,6617.0,10962.0,0.6036307243203795
Croatia,2007,Hydro,4699.8,10228.7,0.45947187814678303
Croatia,2008,Hydro,5780.0,10795.300000000001,0.5354181912498958
Croatia,2009,Hydro,7408.401,11354.97,0.652436862448778
Croatia,2010,Hydro,9126.203,14236.24,0.641054309283912
Croatia,2011,Hydro,5031.887,10490.132,0.4796781394171208
Croatia,2012,Hydro,4836.9,10008.652,0.48327187317532866
Croatia,2013,Hydro,8621.7,13706.482,0.6290235525060334
Croatia,2014,Hydro,9006.12,13270.668,0.6786485804633197
Croatia,2015,Hydro,6390.636,10959.312000000002,0.5831238311310053
Croatia,2016,Hydro,6852.099,12479.871,0.5490520695286033
Croatia,2017,Hydro,5307.4,11494.199999999999,0.46174592403125053
Croatia,2018,Hydro,7700.9,13404.3,0.5745096722693465
Croatia,2019,Hydro,5826.1,12532.500000000002,0.46487931378416114
Croatia,2020,Hydro,5662.4,13107.5,0.43199694831203506
Croatia,2021,Hydro,7127.7,14931.4,0.4773631407637596
Croatia,2022,Hydro,5459.7,13867.4,0.3937075443125604
Croatia,2023,Hydro,8160.5,17003.5,0.47993060252300995
Croatia,2024,Hydro,6727.0,14359.2,0.4684801381692573
Cyprus,2000,Bioenergy,0.0,0.0,0.0
Cyprus,2001,Bioenergy,0.0,0.0,0.0
Cyprus,2002,Bioenergy,0.0,0.0,0.0
Cyprus,2003,Bioenergy,0.0,0.0,0.0
Cyprus,2004,Wind,0.355,0.355,1.0
Cyprus,2005,Wind,0.355,0.355,1.0
Cyprus,2006,Wind,0.355,0.51,0.696078431372549
Cyprus,2007,Bioenergy,1.437,1.792,0.8018973214285714
Cyprus,2008,Bioenergy,11.54,11.895,0.9701555275325767
Cyprus,2009,Bioenergy,26.518,26.873,0.9867897145834108
Cyprus,2010,Bioenergy,35.124,66.849,0.5254229681820222
Cyprus,2011,Wind,114.665,166.275,0.689610584874455
Cyprus,2012,Wind,185.478,235.29700000000003,0.788271843669915
Cyprus,2013,Wind,231.04,279.904,0.8254258602949582
Cyprus,2014,Wind,182.85,233.332,0.7836473351276293
Cyprus,2015,Wind,221.857,273.093,0.8123862566964367
Cyprus,2016,Wind,226.701,278.722,0.813358830662811
Cyprus,2017,Wind,211.448,263.198,0.8033799648933504
Cyprus,2018,Wind,221.04,277.936,0.7952910022451212
Cyprus,2019,Wind,238.565,296.485,0.8046444170868677
Cyprus,2020,Wind,240.408,301.03999999999996,0.7985915492957747
Cyprus,2021,Wind,246.478,306.418,0.8043848598972645
Cyprus,2022,Wind,224.266,282.106,0.7949706847780621
Cyprus,2023,Wind,208.477,262.35,0.794652182199352
Cyprus,2024,Wind,202.649,257.96500000000003,0.7855678095865717
Czechia,2000,Coal,52752.0,70321.868,0.7501507212521715
Czechia,2001,Coal,52594.0,71505.31599999999,0.7355257334993108
Czechia,2002,Coal,49907.0,73254.361,0.681283671288867
Czechia,2003,Coal,50779.0,80119.957,0.6337871599207174
Czechia,2004,Coal,50308.0,80925.212,0.6216604041766366
Czechia,2005,Coal,49522.0,78860.065,0.6279731065400466
Czechia,2006,Coal,49649.0,80787.427,0.6145634518103913
Czechia,2007,Coal,53794.0,84754.969,0.6347002498461182
Czechia,2008,Coal,48778.0,80075.555,0.6091496961838104
Czechia,2009,Coal,45946.0,78704.80500000001,0.5837763018407833
Czechia,2010,Coal,46900.0,81574.553,0.5749341954714726
Czechia,2011,Coal,46685.0,81494.989,0.5728573078278469
Czechia,2012,Coal,43978.0,81762.524,0.5378747847852642
Czechia,2013,Coal,41113.0,81223.607,0.5061705767388538
Czechia,2014,Coal,40727.0,79975.935,0.5092406859638465
Czechia,2015,Coal,41141.0,77480.012,0.5309885599914466
Czechia,2016,Coal,41974.0,77121.621,0.5442572323525202
Czechia,2017,Coal,41443.797,80982.17599999999,0.5117644282613498
Czechia,2018,Coal,41201.476,82020.3,0.502332666425263
Czechia,2019,Coal,37335.603,81196.792,0.45981623264130933
Czechia,2020,Coal,31005.35,76048.612,0.4077043510011728
Czechia,2021,Coal,34177.071,80695.403,0.42353182126124334
Czechia,2022,Coal,36882.134,80458.556,0.45839915396940506
Czechia,2023,Nuclear,30410.464,72391.856,0.42008128649167387
Czechia,2024,Nuclear,29696.397,68902.182,0.4309935641805945
Denmark,2000,Coal,16673.0,31574.0,0.5280610628998543
Denmark,2001,Coal,17819.0,33528.0,0.5314662371748986
Denmark,2002,Coal,18257.0,35258.0,0.5178115604969085
Denmark,2003,Coal,25307.0,43816.0,0.5775744020449151
Denmark,2004,Coal,18673.0,38779.0,0.48152350498981406
Denmark,2005,Coal,15463.0,34869.0,0.4434598067050962
Denmark,2006,Coal,24566.0,43990.0,0.5584451011593544
Denmark,2007,Coal,19891.0,38026.0,0.5230894651028244
Denmark,2008,Coal,17462.0,35492.0,0.4919981967767384
Denmark,2009,Coal,17687.0,35209.0,0.5023431508989179
Denmark,2010,Coal,17006.0,38082.069,0.4465618714151271
Denmark,2011,Coal,13976.0,34761.181,0.402057686129824
Denmark,2012,Coal,10539.0,30194.257,0.3490398853000423
Denmark,2013,Coal,14292.0,33873.156,0.4219270268173417
Denmark,2014,Wind,13078.504,31272.102,0.41821633863946855
Denmark,2015,Wind,14133.092,28012.397,0.5045299050988032
Denmark,2016,Wind,12781.731,29467.908000000003,0.433750879091926
Denmark,2017,Wind,14780.0,29991.173000000003,0.4928116682865321
Denmark,2018,Wind,13901.955,29152.032,0.47687773531532895
Denmark,2019,Wind,16149.833,28311.877,0.5704260794860051
Denmark,2020,Wind,16330.214,27285.184999999998,0.598501127993085
Denmark,2021,Wind,16054.467,31484.827,0.5099112343860107
Denmark,2022,Wind,19048.16,32615.828999999998,0.5840158163694077
Denmark,2023,Wind,19434.295,30172.138,0.6441139504267148
Denmark,2024,Wind,20552.836,31317.903,0.6562647569347156
Estonia,2000,Natural Gas,596.0,614.25,0.9702889702889703
Estonia,2001,Natural Gas,599.0,617.0,0.9708265802269044
Estonia,2002,Natural Gas,529.0,559.0,0.9463327370304114
Estonia,2003,Natural Gas,504.0,553.0,0.9113924050632911
Estonia,2004,Natural Gas,487.0,547.0,0.8903107861060329
Estonia,2005,Natural Gas,544.0,655.331,0.8301148579877955
Estonia,2006,Natural Gas,539.0,668.799,0.8059222576588781
Estonia,2007,Natural Gas,344.0,489.56,0.7026717869106953
Estonia,2008,Natural Gas,423.0,620.999,0.6811605171666942
Estonia,2009,Bioenergy,312.779,648.3199999999999,0.4824453973346496
Estonia,2010,Bioenergy,740.0100000000001,1346.883,0.5494241147894806
Estonia,2011,Bioenergy,781.033,1429.72,0.5462838877542456
Estonia,2012,Bioenergy,1000.903,1602.478,0.6245970303492466
Estonia,2013,Bioenergy,725.0,1381.571,0.5247649234096547
Estonia,2014,Bioenergy,831.0,1536.714,0.5407642541162506
Estonia,2015,Bioenergy,888.0,1691.6,0.5249467959328447
Estonia,2016,Bioenergy,1013.572,1716.5720000000001,0.5904628527087707
Estonia,2017,Bioenergy,1178.659,2008.259,0.5869058722007471
Estonia,2018,Bioenergy,1403.839,2112.839,0.6644325478656916
Estonia,2019,Bioenergy,1426.774,2170.837,0.6572460299875117
Estonia,2020,Bioenergy,1926.126,2826.518,0.6814483403254463
Estonia,2021,Bioenergy,1861.011,2658.361,0.7000595479695948
Estonia,2022,Bioenergy,1664.291,2411.053,0.6902755766878621
Estonia,2023,Bioenergy,1466.989,2195.489,0.6681832612233539
Estonia,2024,Bioenergy,1430.7559999999999,2704.216,0.5290834755803531
European Union - 27 countries (from 2020),2000,Nuclear,859930.0,2409736.398,0.3568564597827849
European Union - 27 countries (from 2020),2001,Nuclear,888892.0,2486039.224,0.35755348967092565
European Union - 27 countries (from 2020),2002,Nuclear,902348.0,2492419.6410000003,0.36203694801488684
European Union - 27 countries (from 2020),2003,Nuclear,907174.0,2582582.83,0.35126617797579024
European Union - 27 countries (from 2020),2004,Nuclear,928438.0,2672892.644,0.34735326990559073
European Union - 27 countries (from 2020),2005,Nuclear,916081.0,2690776.962,0.34045222362803923
European Union - 27 countries (from 2020),2006,Nuclear,914426.0,2747358.532,0.3328382478475874
European Union - 27 countries (from 2020),2007,Nuclear,872249.0,2779311.637,0.31383634292320994
European Union - 27 countries (from 2020),2008,Nuclear,884729.0,2800918.6119999997,0.31587101324884914
European Union - 27 countries (from 2020),2009,Nuclear,824912.0,2662746.946,0.3097973696821583
European Union - 27 countries (from 2020),2010,Nuclear,854470.0,2785946.757,0.3067072254173736
European Union - 27 countries (from 2020),2011,Nuclear,837768.763,2733895.872,0.3064376999798184
European Union - 27 countries (from 2020),2012,Nuclear,811961.017,2711779.695,0.29941997814096033
European Union - 27 countries (from 2020),2013,Nuclear,806222.671,2687329.514,0.3000088626273317
European Union - 27 countries (from 2020),2014,Nuclear,812550.009,2620258.852,0.3101029535230056
European Union - 27 countries (from 2020),2015,Nuclear,786675.849,2657866.068,0.2959802446298434
European Union - 27 countries (from 2020),2016,Nuclear,767958.76,2679681.823,0.28658580037694276
European Union - 27 countries (from 2020),2017,Nuclear,759382.643,2707025.853,0.2805228631852302
European Union - 27 countries (from 2020),2018,Nuclear,761943.048,2692503.347,0.28298685268078144
European Union - 27 countries (from 2020),2019,Nuclear,765337.856,2656647.432,0.2880840892853561
European Union - 27 countries (from 2020),2020,Nuclear,683512.145,2528086.446,0.27036739431180035
European Union - 27 countries (from 2020),2021,Nuclear,731700.793,2635293.398,0.27765439459428265
European Union - 27 countries (from 2020),2022,Nuclear,609255.496,2484638.497,0.24520890935869616
European Union - 27 countries (from 2020),2023,Nuclear,619601.311,2392201.786,0.2590087987669448
European Union - 27 countries (from 2020),2024,Nuclear,649545.843,2403855.817,0.2702099844784493
Finland,2000,Nuclear,22479.0,64546.327,0.34826148976687704
Finland,2001,Nuclear,22773.0,66740.67199999999,0.3412162226955102
Finland,2002,Nuclear,22295.0,66582.312,0.33484869074537393
Finland,2003,Nuclear,22731.0,75072.253,0.3027883018243771
Finland,2004,Nuclear,22716.0,77791.011,0.2920131736043384
Finland,2005,Nuclear,23271.0,64641.944,0.3599984554919945
Finland,2006,Nuclear,22906.0,74157.95300000001,0.3088812335475333
Finland,2007,Nuclear,23423.0,72423.535,0.3234169665979436
Finland,2008,Nuclear,22958.0,70447.39600000001,0.3258885537799012
Finland,2009,Nuclear,23526.0,66368.68000000001,0.35447442980634836
Finland,2010,Nuclear,22800.0,73005.022,0.3123072820935524
Finland,2011,Nuclear,23187.0,66812.095,0.34704794094542313
Finland,2012,Nuclear,22987.0,65603.01699999999,0.3503954703790529
Finland,2013,Nuclear,23606.0,67047.989,0.3520761823296445
Finland,2014,Nuclear,23580.0,63666.409,0.37036799107045604
Finland,2015,Nuclear,23245.0,64458.229999999996,0.3606211340274159
Finland,2016,Nuclear,23203.0,64730.279,0.35845666600633685
Finland,2017,Nuclear,22477.0,63525.745,0.3538250515598046
Finland,2018,Nuclear,22793.0,65341.998999999996,0.34882618145796246
Finland,2019,Nuclear,23870.0,64324.179,0.37108907367476857
Finland,2020,Nuclear,23291.0,65883.435,0.35351830092040587
Finland,2021,Nuclear,23598.0,68484.153,0.34457606564835513
Finland,2022,Nuclear,25336.0,68541.416,0.3696451208419739
Finland,2023,Nuclear,34308.0,78541.335,0.4368145766811832
Finland,2024,Nuclear,32599.0,80389.046,0.40551544796289785
France,2000,Nuclear,415162.0,522068.126,0.795225717342491
France,2001,Nuclear,421076.0,533769.544,0.7888722853022128
France,2002,Nuclear,436760.0,542510.82,0.8050715006937558
France,2003,Nuclear,441070.0,549311.878,0.8029500501716804
France,2004,Nuclear,448241.0,557327.021,0.8042692765833079
France,2005,Nuclear,451529.0,558262.7189999999,0.8088109498137561
France,2006,Nuclear,450191.0,556882.526,0.8084128680309859
France,2007,Nuclear,439730.0,551798.06,0.7969038528334078
France,2008,Nuclear,439447.0,558135.732,0.787347906261626
France,2009,Nuclear,409736.0,521526.118,0.7856480928918693
France,2010,Nuclear,428521.0,553256.18,0.7745435396672838
France,2011,Nuclear,442387.763,554921.423,0.7972079373118742
France,2012,Nuclear,425406.017,552542.193,0.7699068458288759
France,2013,Nuclear,423684.671,562313.841,0.7534665521420092
France,2014,Nuclear,436479.009,550683.712,0.7926128910092042
France,2015,Nuclear,437427.808,556776.757,0.7856430831576542
France,2016,Nuclear,403195.482,541040.892,0.7452218269668238
France,2017,Nuclear,398359.129,537119.2760000001,0.7416585976333494
France,2018,Nuclear,412941.812,556993.942,0.7413757688589007
France,2019,Nuclear,399011.587,545432.346,0.7315510162281428
France,2020,Nuclear,353832.867,506603.129,0.6984419296786459
France,2021,Nuclear,379361.292,527235.0580000001,0.7195297168573338
France,2022,Nuclear,294731.038,441193.602,0.6680310790182311
France,2023,Nuclear,338202.283,489468.549,0.6909581497952384
France,2024,Nuclear,380451.093,531295.871,0.7160814035387073
Georgia,2013,Hydro,8271.206,10059.206,0.8222523726027681
Georgia,2014,Hydro,8335.337,10371.337,0.8036897267922158
Georgia,2015,Hydro,8453.764,10832.764,0.780388458568838
Georgia,2016,Hydro,9329.241,11574.241,0.8060347974437373
Georgia,2017,Hydro,9210.4,11531.2,0.7987373386984875
Georgia,2018,Hydro,9949.4,12148.599999999999,0.8189750259289137
Georgia,2019,Hydro,8931.7,11856.800000000001,0.7532976857162135
Georgia,2020,Hydro,8248.2,11159.800000000001,0.7390992670119536
Georgia,2021,Hydro,10182.1,12645.1,0.8052209946935968
Georgia,2022,Hydro,10771.4,14246.599999999999,0.7560681144974942
Germany,2000,Coal,296687.0,559993.0,0.5298048368461749
Germany,2001,Coal,293734.0,569084.0,0.5161522727751966
Germany,2002,Coal,299594.0,570425.0,0.5252119034053556
Germany,2003,Coal,304730.0,582336.0,0.5232889603253105
Germany,2004,Coal,298927.0,589681.0,0.5069300180945291
Germany,2005,Coal,288143.0,590414.0,0.48803551406301343
Germany,2006,Coal,288936.0,606438.0,0.4764477160072423
Germany,2007,Coal,297105.0,607099.0,0.4893847626169702
Germany,2008,Coal,275209.0,607788.0,0.4528042672774059
Germany,2009,Coal,253445.0,563842.0,0.44949649015149634
Germany,2010,Coal,262897.0,592331.0,0.44383461274186226
Germany,2011,Coal,262470.0,568128.0,0.4619909597837107
Germany,2012,Coal,276228.0,576262.0,0.479344464844116
Germany,2013,Coal,288202.0,581848.0,0.4953218022576343
Germany,2014,Coal,274410.0,567379.0,0.4836449709982216
Germany,2015,Coal,272200.0,583692.0,0.4663418378185756
Germany,2016,Coal,261745.0,587088.0,0.4458360586487886
Germany,2017,Coal,241254.0,589039.0,0.4095722015010891
Germany,2018,Coal,228156.0,572886.0,0.39825724489689046
Germany,2019,Coal,171450.0,539644.0,0.3177094528985776
Germany,2020,Coal,134595.0,503661.0,0.26723331764818004
Germany,2021,Coal,164651.0,520407.2,0.3163887817078626
Germany,2022,Coal,179948.015,495819.015,0.3629308468534633
Germany,2023,Wind,141764.0,437140.0,0.3242988516264812
Germany,2024,Wind,138914.0,416835.0,0.33325896337879496
Greece,2000,Coal,34313.0,44540.0,0.7703861697350696
Greece,2001,Coal,35431.0,44599.0,0.7944348527993901
Greece,2002,Coal,34566.0,45312.0,0.762844279661017
Greece,2003,Coal,35170.0,49198.0,0.714866457986097
Greece,2004,Coal,35380.0,50426.938,0.7016091280418414
Greece,2005,Coal,35543.0,50218.958999999995,0.7077605889839335
Greece,2006,Coal,32264.0,50577.327,0.6379142970525113
Greece,2007,Coal,34676.0,53068.422,0.653420597280997
Greece,2008,Coal,33356.0,52917.644,0.6303379644037063
Greece,2009,Coal,34188.0,53343.130000000005,0.6409072733452273
Greece,2010,Coal,30797.0,51134.69,0.6022721561429237
Greece,2011,Coal,31063.0,52647.207,0.5900218030559532
Greece,2012,Coal,31119.0,52986.976,0.5872952628963012
Greece,2013,Coal,26406.0,48053.466,0.5495129113059191
Greece,2014,Coal,25746.0,41008.558,0.627820173535485
Greece,2015,Coal,22107.0,42259.638999999996,0.5231232571579706
Greece,2016,Coal,18883.0,44920.763999999996,0.4203623963296796
Greece,2017,Coal,18765.0,45687.602999999996,0.41072410824441813
Greece,2018,Coal,17185.155,43909.174,0.39137960099181096
Greece,2019,Natural Gas,14495.731,38577.0,0.37576097156336674
Greece,2020,Natural Gas,19228.167,38980.832,0.4932723601179164
Greece,2021,Natural Gas,22488.0,44733.453,0.5027110247894344
Greece,2022,Natural Gas,19142.093,40261.074,0.47544913978201375
Greece,2023,Natural Gas,15979.114,36104.469,0.4425799476513559
Greece,2024,Natural Gas,21529.23,41285.1,0.5214769977546378
Hungary,2000,Nuclear,14180.0,30669.778,0.4623443964935123
Hungary,2001,Nuclear,14126.0,32139.229,0.43952516720298423
Hungary,2002,Nuclear,13953.0,33939.972,0.41110817651823633
Hungary,2003,Natural Gas,11883.0,32434.683,0.3663670768726181
Hungary,2004,Nuclear,11915.0,32773.385,0.36355719740270953
Hungary,2005,Nuclear,13834.0,35177.275,0.39326525434389104
Hungary,2006,Nuclear,13461.0,35248.05,0.38189346644708
Hungary,2007,Natural Gas,15232.0,39310.277,0.38748137032969776
Hungary,2008,Natural Gas,15176.0,39551.044,0.3837066854670132
Hungary,2009,Nuclear,15426.0,35199.365,0.43824654223165677
Hungary,2010,Nuclear,15761.0,36763.295,0.4287156523918762
Hungary,2011,Nuclear,15685.0,35747.732,0.4387690944980789
Hungary,2012,Nuclear,15793.0,34293.203,0.46052857763096666
Hungary,2013,Nuclear,15370.0,30073.656,0.5110785333183302
Hungary,2014,Nuclear,15649.0,29085.943,0.538026221119941
Hungary,2015,Nuclear,15834.0,29961.816,0.5284726399761617
Hungary,2016,Nuclear,16054.0,31390.523999999998,0.511428225919389
Hungary,2017,Nuclear,16098.0,32232.0,0.4994415487714073
Hungary,2018,Nuclear,15733.0,31043.0,0.5068131301742744
Hungary,2019,Nuclear,16288.0,32464.0,0.5017249876786595
Hungary,2020,Nuclear,16055.0,32168.0,0.4990984829644367
Hungary,2021,Nuclear,15990.0,32029.0,0.49923506821942615
Hungary,2022,Nuclear,15812.0,30867.0,0.5122622865843781
Hungary,2023,Nuclear,15918.0,28435.0,0.5598030596096361
Hungary,2024,Nuclear,16017.0,28586.1,0.5603072822105849
Iceland,2000,Hydro,6356.0,7679.0,0.8277119416590701
Iceland,2001,Hydro,6578.0,8029.0,0.8192801096026903
Iceland,2002,Hydro,6977.0,8410.0,0.8296076099881093
Iceland,2003,Hydro,7088.0,8494.0,0.8344713915705204
Iceland,2004,Hydro,7134.235,8619.983,0.8276391032325702
Iceland,2005,Hydro,7019.286,8681.498,0.8085339649908346
Iceland,2006,Hydro,7292.997,9926.264,0.7347172108257448
Iceland,2007,Hydro,8393.735,11973.587,0.7010209221346954
Iceland,2008,Hydro,12427.434,16465.862,0.754739351028206
Iceland,2009,Hydro,12279.343,16833.009000000002,0.7294799759211202
Iceland,2010,Hydro,12592.081,17057.403,0.738217945604029
Iceland,2011,Hydro,12506.84,17208.303,0.7267910147793191
Iceland,2012,Hydro,12336.529,17546.072,0.7030934900985246
Iceland,2013,Hydro,12862.843,18110.614,0.7102378196564733
Iceland,2014,Hydro,12873.016,18119.816,0.710438560744767
Iceland,2015,Hydro,13780.77,18794.666,0.733227714714377
Iceland,2016,Hydro,13469.596,18546.086,0.726277016077678
Iceland,2017,Hydro,14058.722,19236.448,0.730837730541522
Iceland,2018,Hydro,13813.688,19827.885,0.6966798526418728
Iceland,2019,Hydro,13461.466,19486.173,0.6908214352813147
Iceland,2020,Hydro,13156.972,19124.235,0.6879737673167057
Iceland,2021,Hydro,13803.999,19611.734,0.7038642783957808
Iceland,2022,Hydro,14195.721,20117.567,0.7056380624953306
Iceland,2023,Hydro,14225.992,20239.439000000002,0.7028846995215627
Ireland,2000,Natural Gas,9263.0,17270.05,0.5363620834913623
Ireland,2001,Natural Gas,9147.0,17241.544,0.5305209324640531
Ireland,2002,Natural Gas,10829.0,19038.441,0.5687965732068083
Ireland,2003,Natural Gas,13038.0,20386.536,0.6395397432893946
Ireland,2004,Natural Gas,12894.0,20527.873,0.6281215788893472
Ireland,2005,Natural Gas,11574.0,19854.89,0.5829294445851878
Ireland,2006,Natural Gas,13785.0,22170.673,0.6217673229856396
Ireland,2007,Natural Gas,16057.66,24329.189000000002,0.6600162463286383
Ireland,2008,Natural Gas,16716.118,25493.334,0.6557054483340625
Ireland,2009,Natural Gas,16298.119,24468.664,0.6660812784874565
Ireland,2010,Natural Gas,18110.754,25440.499000000003,0.7118867440453899
Ireland,2011,Natural Gas,15432.198,24872.735,0.6204463642619117
Ireland,2012,Natural Gas,14139.29,24535.41,0.576280975129415
Ireland,2013,Natural Gas,13129.751,23179.862999999998,0.5664291889904614
Ireland,2014,Natural Gas,12635.047,23135.685,0.5461280701219782
Ireland,2015,Natural Gas,12442.701,25357.525999999998,0.4906906533389732
Ireland,2016,Natural Gas,15333.982,27711.435999999998,0.5533449078568141
Ireland,2017,Natural Gas,15680.839,28478.533,0.5506196193462634
Ireland,2018,Natural Gas,16014.349,28792.636,0.5561960009496874
Ireland,2019,Natural Gas,15907.666,28634.278,0.5555462582293851
Ireland,2020,Natural Gas,16241.809,30810.513,0.5271515277918287
Ireland,2021,Natural Gas,15155.889,29879.538,0.5072330435631234
Ireland,2022,Natural Gas,16534.275,32328.153,0.5114512728271239
Ireland,2023,Natural Gas,15352.429,30526.718,0.5029177719006674
Ireland,2024,Natural Gas,15096.08,29438.608,0.5127987029821519
Italy,2000,Natural Gas,101360.0,179007.046,0.5662346944711886
Italy,2001,Natural Gas,104188.0,191000.649,0.545485057487946
Italy,2002,Natural Gas,99414.0,183957.916,0.5404170810458627
Italy,2003,Natural Gas,117300.0,204074.017,0.5747914493200769
Italy,2004,Natural Gas,129772.0,230548.312,0.5628841906246531
Italy,2005,Natural Gas,149262.0,242757.426,0.6148606963726827
Italy,2006,Natural Gas,158079.0,254524.00799999997,0.6210769712537295
Italy,2007,Natural Gas,172646.0,266130.30700000003,0.6487273168778931
Italy,2008,Natural Gas,172699.0,275377.736,0.6271349402044616
Italy,2009,Natural Gas,147269.0,255917.48200000002,0.57545502108371
Italy,2010,Natural Gas,152738.0,266596.921,0.5729173443829834
Italy,2011,Natural Gas,144548.0,261046.949,0.5537241502102367
Italy,2012,Natural Gas,129058.0,250704.05299999999,0.5147822640107059
Italy,2013,Natural Gas,108875.0,242934.706,0.44816568942603036
Italy,2014,Natural Gas,93637.0,233574.137,0.40088770615900854
Italy,2015,Natural Gas,110860.0,237556.643,0.4666676486079154
Italy,2016,Natural Gas,126148.0,245466.017,0.5139122781301332
Italy,2017,Natural Gas,140349.284,250506.31900000002,0.5602624499065032
Italy,2018,Natural Gas,128537.553,246931.429,0.5205394611797269
Italy,2019,Natural Gas,141687.003,250435.854,0.5657616540800903
Italy,2020,Natural Gas,133682.784,236770.47400000002,0.5646091834913504
Italy,2021,Natural Gas,143997.93,247590.56299999997,0.5815970053753624
Italy,2022,Natural Gas,141445.312,235704.293,0.600096460695351
Italy,2023,Natural Gas,118986.515,217717.732,0.5465173364932904
Italy,2024,Natural Gas,118553.746,219832.805,0.5392905121690096
Kosovo*,2000,Coal,2886.0,2938.0,0.9823008849557522
Kosovo*,2001,Coal,3664.0,3716.0,0.9860064585575888
Kosovo*,2002,Coal,3639.0,3691.0,0.9859116770522893
Kosovo*,2003,Coal,3552.0,3604.0,0.9855715871254163
Kosovo*,2004,Coal,3943.0,4056.0,0.9721400394477318
Kosovo*,2005,Coal,4319.0,4431.0,0.9747235387045814
Kosovo*,2006,Coal,4304.0,4405.0,0.9770715096481272
Kosovo*,2007,Coal,4710.0,4804.0,0.9804329725228976
Kosovo*,2008,Coal,5053.0,5129.0,0.9851822967440047
Kosovo*,2009,Coal,4841.0,4961.0,0.9758113283612175
Kosovo*,2010,Coal,4989.0,5146.0,0.9694908666925768
Kosovo*,2011,Coal,5675.0,5779.906,0.9818498778353835
Kosovo*,2012,Coal,5833.0,5928.579,0.9838782615530636
Kosovo*,2013,Coal,6367.0,6510.303,0.977988274892889
Kosovo*,2014,Coal,5270.0,5421.369,0.9720791925434332
Kosovo*,2015,Coal,5964.0,6104.286,0.9770184424517462
Kosovo*,2016,Coal,5721.0,5966.38,0.9588728843955632
Kosovo*,2017,Coal,5725.962,5905.375000000001,0.9696186948330969
Kosovo*,2018,Coal,5600.512,5902.9169999999995,0.9487702435931252
Kosovo*,2019,Coal,6019.172,6322.741,0.9519877534126417
Kosovo*,2020,Coal,6333.007,6686.133,0.9471853162358571
Kosovo*,2021,Coal,6437.299,6860.577,0.938302857033745
Kosovo*,2022,Coal,6346.394,6969.450000000001,0.9106018408913185
Kosovo*,2023,Coal,5534.196,6330.991,0.8741437162049354
Latvia,2000,Hydro,2819.157,3951.574,0.7134263460585579
Latvia,2001,Hydro,2833.105,4143.13,0.6838078940318069
Latvia,2002,Hydro,2463.604,3797.516,0.6487409137973348
Latvia,2003,Hydro,2266.192,3871.547,0.5853453412808884
Latvia,2004,Hydro,3109.375,4629.24,0.6716815287174569
Latvia,2005,Hydro,3325.289,4899.954000000001,0.6786367790391501
Latvia,2006,Hydro,2698.324,4887.1140000000005,0.5521303575075187
Latvia,2007,Hydro,2733.395,4753.852,0.5749852961345873
Latvia,2008,Hydro,3109.038,5272.918000000001,0.5896238098146035
Latvia,2009,Hydro,3457.102,5564.067,0.6213264505980967
Latvia,2010,Hydro,3520.506,6624.662,0.5314242447388259
Latvia,2011,Natural Gas,3014.0,6092.048,0.4947433112805415
Latvia,2012,Hydro,3706.957,6166.009,0.6011922785062428
Latvia,2013,Hydro,2912.008,6204.364,0.4693483490008001
Latvia,2014,Natural Gas,2337.0,5139.312,0.45473012730108625
Latvia,2015,Natural Gas,2756.0,5532.985,0.4981036456813095
Latvia,2016,Natural Gas,2944.0,6425.204,0.4581955685764997
Latvia,2017,Hydro,4380.62,7530.272999999999,0.5817345533156634
Latvia,2018,Natural Gas,3218.697,6716.272,0.479238631193019
Latvia,2019,Natural Gas,3245.89,6434.934,0.5044169839193378
Latvia,2020,Hydro,2603.042,5719.844999999999,0.4550896047008267
Latvia,2021,Hydro,2707.796,5839.41,0.46371054609969153
Latvia,2022,Hydro,2749.823,4951.924999999999,0.5553038464839432
Latvia,2023,Hydro,3794.456,6146.2480000000005,0.617361356066335
Latvia,2024,Hydro,3208.793,5784.3240000000005,0.554739499377974
Lithuania,2000,Nuclear,8419.0,10375.0,0.8114698795180723
Lithuania,2001,Nuclear,11362.0,13574.0,0.8370414026815972
Lithuania,2002,Nuclear,14142.0,16609.0,0.8514660726112349
Lithuania,2003,Nuclear,15484.0,18334.0,0.8445511072324643
Lithuania,2004,Nuclear,15102.0,18221.0,0.8288238845288404
Lithuania,2005,Nuclear,10337.0,13814.0,0.7482988272766758
Lithuania,2006,Nuclear,8651.0,11550.0,0.749004329004329
Lithuania,2007,Nuclear,9833.0,12819.0,0.7670645136126063
Lithuania,2008,Nuclear,9894.0,12522.0,0.7901293723047437
Lithuania,2009,Nuclear,10852.0,13637.0,0.7957761971108015
Lithuania,2010,Natural Gas,3186.0,4097.0,0.7776421772028314
Lithuania,2011,Natural Gas,2668.0,3780.0,0.7058201058201058
Lithuania,2012,Natural Gas,2879.0,4060.0,0.7091133004926108
Lithuania,2013,Natural Gas,2219.0,3726.0,0.5955448201825013
Lithuania,2014,Natural Gas,1749.0,3230.0,0.541486068111455
Lithuania,2015,Natural Gas,1979.0,3645.0,0.5429355281207133
Lithuania,2016,Wind,1136.0,3119.0,0.3642193010580314
Lithuania,2017,Wind,1363.8,3150.916,0.43282651774912434
Lithuania,2018,Wind,1144.0,2532.8,0.45167403663929245
Lithuania,2019,Wind,1499.4,2987.5,0.5018912133891213
Lithuania,2020,Natural Gas,1698.0,4279.3,0.3967938681560068
Lithuania,2021,Wind,1361.7,3890.0,0.3500514138817481
Lithuania,2022,Wind,1512.4,3445.3,0.4389748352828491
Lithuania,2023,Wind,2536.1,4513.2,0.5619294513870424
Lithuania,2024,Wind,3448.2,5889.799999999999,0.5854528167340147
Luxembourg,2000,Natural Gas,214.561,418.845,0.5122682615287278
Luxembourg,2001,Natural Gas,666.444,867.5409999999999,0.7681988516969227
Luxembourg,2002,Natural Gas,2623.906,2809.048,0.9340908378924105
Luxembourg,2003,Natural Gas,2618.878,2787.782,0.9394127661345112
Luxembourg,2004,Natural Gas,3151.957,3372.071,0.9347243874758272
Luxembourg,2005,Natural Gas,3105.927,3326.3210000000004,0.9337424139161553
Luxembourg,2006,Natural Gas,3246.648,3505.842,0.9260679745407808
Luxembourg,2007,Natural Gas,2894.627,3178.259,0.9107586889551795
Luxembourg,2008,Natural Gas,2401.652,2703.588,0.8883202618150399
Luxembourg,2009,Natural Gas,2842.221,3130.699,0.9078550828425217
Luxembourg,2010,Natural Gas,2916.007,3209.2670000000003,0.9086208782254639
Luxembourg,2011,Natural Gas,2340.538,2622.559,0.8924634298027232
Luxembourg,2012,Natural Gas,2387.707,2717.0769999999998,0.878777818957652
Luxembourg,2013,Natural Gas,1420.855,1776.1840000000002,0.7999480909635488
Luxembourg,2014,Natural Gas,1451.095,1809.452,0.8019527459142326
Luxembourg,2015,Natural Gas,837.547,1230.752,0.6805164647305063
Luxembourg,2016,Natural Gas,257.861,684.235,0.37686028922811604
Luxembourg,2017,Bioenergy,248.67600000000002,790.069,0.3147522558156313
Luxembourg,2018,Bioenergy,294.13,836.7539999999999,0.351513108990217
Luxembourg,2019,Bioenergy,355.844,935.4010000000001,0.38041866536383856
Luxembourg,2020,Bioenergy,443.73900000000003,1070.521,0.41450751549946246
Luxembourg,2021,Bioenergy,458.58799999999997,1052.84,0.4355723566733787
Luxembourg,2022,Bioenergy,457.936,933.112,0.49076209501110263
Luxembourg,2023,Wind,495.289,1104.283,0.44851636763402136
Luxembourg,2024,Bioenergy,509.83799999999997,1147.103,0.4444570365520794
Malta,2000,Bioenergy,0.0,0.0,0.0
Malta,2001,Bioenergy,0.0,0.0,0.0
Malta,2002,Bioenergy,0.0,0.0,0.0
Malta,2003,Bioenergy,0.0,0.0,0.0
Malta,2004,Bioenergy,0.0,0.0,0.0
Malta,2005,Bioenergy,0.0,0.0,0.0
Malta,2006,Bioenergy,0.0,0.0,0.0
Malta,2007,Bioenergy,0.0,0.0,0.0
Malta,2008,Bioenergy,0.0,0.0,0.0
Malta,2009,Bioenergy,0.0,0.0,0.0
Malta,2010,Bioenergy,0.0,0.0,0.0
Malta,2011,Bioenergy,4.91,4.91,1.0
Malta,2012,Bioenergy,8.896,8.971,0.9916397280124848
Malta,2013,Bioenergy,5.892,5.977,0.9857788188054207
Malta,2014,Bioenergy,6.452,6.51,0.9910906298003073
Malta,2015,Bioenergy,6.645,6.702999999999999,0.9913471579889602
Malta,2016,Bioenergy,8.307,8.365,0.9930663478780634
Malta,2017,Natural Gas,1286.507,1296.303,0.992443124794126
Malta,2018,Natural Gas,1745.381,1754.395,0.9948620464604608
Malta,2019,Natural Gas,1827.836,1834.295,0.9964787561433684
Malta,2020,Natural Gas,1840.58,1846.528,0.9967788194925827
Malta,2021,Natural Gas,1906.95,1914.241,0.9961911796894958
Malta,2022,Natural Gas,1938.682,1946.129,0.9961734294078143
Malta,2023,Natural Gas,2009.321,2018.965,0.9952232951041746
Malta,2024,Natural Gas,1841.979,1851.309,0.9949603226689873
Moldova,2010,Natural Gas,956.0,1035.0,0.923671497584541
Moldova,2011,Natural Gas,920.0,996.0,0.9236947791164659
Moldova,2012,Natural Gas,882.0,915.892,0.962995637040175
Moldova,2013,Natural Gas,841.0,889.0,0.9460067491563554
Moldova,2014,Natural Gas,875.0,948.481,0.9225277048248726
Moldova,2015,Natural Gas,862.0,928.391,0.9284881046886495
Moldova,2016,Natural Gas,831.0,886.907,0.9369640785336004
Moldova,2017,Natural Gas,799.0,877.0,0.9110604332953249
Moldova,2018,Natural Gas,846.0,943.0,0.897136797454931
Moldova,2019,Natural Gas,795.0,934.0,0.8511777301927195
Moldova,2020,Natural Gas,851.0,978.0,0.8701431492842536
Moldova,2021,Natural Gas,905.0,1083.0,0.8356417359187442
Moldova,2022,Natural Gas,540.0,750.0,0.72
Moldova,2023,Natural Gas,421.5,705.5,0.5974486180014175
Moldova,2024,Natural Gas,802.1,1136.08,0.7060242236462222
Montenegro,2005,Hydro,1866.0,2864.0,0.651536312849162
Montenegro,2006,Hydro,1750.0,2952.0,0.5928184281842819
Montenegro,2007,Hydro,1284.0,2144.0,0.5988805970149254
Montenegro,2008,Hydro,1539.0,2828.0,0.5442008486562943
Montenegro,2009,Hydro,2071.0,2760.0,0.7503623188405797
Montenegro,2010,Hydro,2750.0,4022.0,0.6837394331178518
Montenegro,2011,Coal,1452.0,2655.853,0.5467170057981372
Montenegro,2012,Hydro,1477.087,2844.087,0.5193536625286076
Montenegro,2013,Hydro,2504.168,3945.168,0.6347430578368273
Montenegro,2014,Hydro,1751.65,3172.65,0.5521094353300868
Montenegro,2015,Coal,1512.0,3003.0,0.5034965034965035
Montenegro,2016,Hydro,1843.191,3141.191,0.586780937548847
Montenegro,2017,Coal,1361.9,2482.8,0.5485339133236669
Montenegro,2018,Hydro,2113.0,3810.7,0.5544913008108747
Montenegro,2019,Hydro,1633.5,3433.3,0.47578131826522585
Montenegro,2020,Coal,1615.4,3378.6,0.4781270348665128
Montenegro,2021,Hydro,2010.1,3774.2999999999997,0.5325755769281721
Montenegro,2022,Coal,1550.6,3319.3999999999996,0.4671326143278906
Montenegro,2023,Hydro,2221.3,4169.7,0.5327241767992902
Netherlands,2000,Natural Gas,51522.0,83896.34300000001,0.6141149680385949
Netherlands,2001,Natural Gas,53771.0,87723.761,0.6129582155056029
Netherlands,2002,Natural Gas,55280.0,90296.2,0.612207379712546
Netherlands,2003,Natural Gas,55020.0,90904.157,0.6052528488878677
Netherlands,2004,Natural Gas,59987.0,94980.09,0.6315744699757602
Netherlands,2005,Natural Gas,57599.0,92485.625,0.6227886766186637
Netherlands,2006,Natural Gas,57142.0,92122.981,0.6202795369811144
Netherlands,2007,Natural Gas,61010.0,99059.978,0.6158894967652829
Netherlands,2008,Natural Gas,63359.0,101543.75,0.6239576537206869
Netherlands,2009,Natural Gas,68872.0,109624.65099999998,0.6282528552816101
Netherlands,2010,Natural Gas,75333.0,114540.25,0.6576989311617532
Netherlands,2011,Natural Gas,69475.0,108942.702,0.6377205514876986
Netherlands,2012,Natural Gas,56564.321,98737.365,0.5728765498248813
Netherlands,2013,Natural Gas,56070.021,96969.23000000001,0.5782248760766688
Netherlands,2014,Natural Gas,51522.0,97646.203,0.527639564233747
Netherlands,2015,Natural Gas,45813.178,103586.985,0.4422677038046816
Netherlands,2016,Natural Gas,52531.19,108279.496,0.48514438966357953
Netherlands,2017,Natural Gas,57733.422,109515.737,0.5271700997638358
Netherlands,2018,Natural Gas,57630.056,105968.682,0.5438404527858522
Netherlands,2019,Natural Gas,70719.367,111685.511,0.6332009082180767
Netherlands,2020,Natural Gas,72524.078,110362.52099999998,0.65714408607973
Netherlands,2021,Natural Gas,56690.59,106236.705,0.5336252663333261
Netherlands,2022,Natural Gas,47742.665,100121.22899999999,0.47684857124556473
Netherlands,2023,Natural Gas,46090.273,97937.746,0.47060785940489175
Netherlands,2024,Natural Gas,44290.586,97319.736,0.45510384450693536
North Macedonia,2000,Coal,5209.0,6380.0,0.8164576802507837
North Macedonia,2001,Coal,5568.0,6195.0,0.8987893462469734
North Macedonia,2002,Coal,5119.0,5877.0,0.8710226305938404
North Macedonia,2003,Coal,5341.0,6716.0,0.79526503871352
North Macedonia,2004,Coal,5160.0,6642.99,0.7767586583752196
North Macedonia,2005,Coal,5436.0,6927.78,0.7846669495855816
North Macedonia,2006,Coal,5108.0,6757.589,0.755890895406631
North Macedonia,2007,Coal,5009.0,6019.031,0.8321937534463604
North Macedonia,2008,Coal,5289.0,6129.092,0.8629336939305202
North Macedonia,2009,Coal,5305.0,6577.349,0.806555954382229
North Macedonia,2010,Coal,4743.0,7199.471,0.658798403382693
North Macedonia,2011,Coal,5169.0,6690.12,0.7726318810424925
North Macedonia,2012,Coal,4832.0,6170.767,0.7830469048661212
North Macedonia,2013,Coal,4025.0,5970.966,0.6740952803951655
North Macedonia,2014,Coal,3737.0,5210.283,0.7172355129270329
North Macedonia,2015,Coal,3295.0,5483.96,0.6008431863106223
North Macedonia,2016,Coal,2893.235,5505.186,0.52554718405518
North Macedonia,2017,Coal,3386.431,5487.605,0.617105458574369
North Macedonia,2018,Coal,2848.273,5536.903,0.5144162720567798
North Macedonia,2019,Coal,3507.623,5785.4839999999995,0.6062799585998337
North Macedonia,2020,Coal,2634.553,5230.503,0.5036901804663911
North Macedonia,2021,Coal,2185.825,5342.102,0.40916946175868596
North Macedonia,2022,Coal,2771.633,5267.421,0.5261840661682443
North Macedonia,2023,Coal,2765.137,5993.779,0.46133449364749685
Norway,2000,Hydro,141818.0,142386.0,0.9960108437627295
Norway,2001,Hydro,120463.0,121102.0,0.9947234562600122
Norway,2002,Hydro,129372.0,130002.0,0.9951539207089122
Norway,2003,Hydro,105480.0,106466.0,0.9907388274190821
Norway,2004,Hydro,108781.0,109899.0,0.9898270229938398
Norway,2005,Hydro,135688.0,136986.0,0.9905245791540741
Norway,2006,Hydro,119369.0,120968.0,0.9867816281991931
Norway,2007,Hydro,133656.0,135808.0,0.9841540999057493
Norway,2008,Hydro,139044.0,140900.0,0.9868275372604685
Norway,2009,Hydro,125283.0,130817.0,0.9576966296429363
Norway,2010,Hydro,116739.0,122902.0,0.9498543555027583
Norway,2011,Hydro,120279.0,125730.0,0.9566451920782629
Norway,2012,Hydro,141724.0,145988.0,0.9707921199002658
Norway,2013,Hydro,128138.0,132724.0,0.9654470932159971
Norway,2014,Hydro,135470.0,140414.0,0.9647898357713618
Norway,2015,Hydro,137302.0,142535.0,0.963286210404462
Norway,2016,Hydro,142807.0,147598.0,0.9675402105719589
Norway,2017,Hydro,142366.0,147778.0,0.9633774986804531
Norway,2018,Hydro,138981.358,145457.598,0.955476784375334
Norway,2019,Hydro,125289.331,133365.25100000002,0.9394450957843583
Norway,2020,Hydro,141804.76,153801.09100000001,0.922001001930474
Norway,2021,Hydro,143965.222,156478.23600000003,0.920033518271512
Norway,2022,Hydro,128239.818,144668.632,0.886438312349563
Norway,2023,Hydro,136713.806,152680.89700000003,0.8954218156053929
Norway,2024,Hydro,139549.531,156381.24599999998,0.8923674326012213
Poland,2000,Coal,135888.0,139225.596,0.976027425301882
Poland,2001,Coal,134970.0,139185.502,0.969713066810651
Poland,2002,Coal,132954.0,138071.966,0.962932620225021
Poland,2003,Coal,140658.0,145363.281,0.9676308833452928
Poland,2004,Coal,141121.0,147586.136,0.9561941509194333
Poland,2005,Coal,141881.0,150933.98200000002,0.9400202533581866
Poland,2006,Coal,147008.0,155918.916,0.9428490382783318
Poland,2007,Coal,144009.0,153939.299,0.9354921123812575
Poland,2008,Coal,138895.0,150199.916,0.9247342055770524
Poland,2009,Coal,133389.0,146877.425,0.9081654311409668
Poland,2010,Coal,136514.0,152245.112,0.8966724659114179
Poland,2011,Coal,139758.0,158745.028,0.8803929279599233
Poland,2012,Coal,134573.0,157740.404,0.8531295507522599
Poland,2013,Coal,137718.0,160086.342,0.8602732642863437
Poland,2014,Coal,129520.0,154733.234,0.8370535317577606
Poland,2015,Coal,130519.0,159604.83,0.8177634724462913
Poland,2016,Coal,130322.0,161046.895,0.8092177126420227
Poland,2017,Coal,131158.527,165460.693,0.7926869193035472
Poland,2018,Coal,130562.95,164949.848,0.7915311931660586
Poland,2019,Coal,118143.544,158254.974,0.7465392146220946
Poland,2020,Coal,107397.738,151448.28199999998,0.7091380409320194
Poland,2021,Coal,127571.783,170606.945,0.7477525783021318
Poland,2022,Coal,124727.237,166045.679,0.7511621967591219
Poland,2023,Coal,98848.55,150663.22100000002,0.6560894513200404
Poland,2024,Coal,93496.08,149558.965,0.6251452729697615
Portugal,2000,Coal,14595.0,34857.0,0.4187107324210345
Portugal,2001,Hydro,14034.0,36813.0,0.3812240241219135
Portugal,2002,Coal,15212.0,34241.0,0.44426272597178823
Portugal,2003,Hydro,15723.0,40245.0,0.3906820723071189
Portugal,2004,Coal,14858.0,39126.484000000004,0.37974278496376007
Portugal,2005,Coal,15226.0,37392.566,0.4071932372867912
Portugal,2006,Coal,14958.0,43324.657,0.34525374315138835
Portugal,2007,Natural Gas,13124.0,42001.24,0.31246696526102563
Portugal,2008,Natural Gas,15199.0,41285.2,0.36814645441950145
Portugal,2009,Natural Gas,14712.0,46037.047999999995,0.31956870909707336
Portugal,2010,Hydro,16147.897,50467.415,0.31996679441576314
Portugal,2011,Natural Gas,14916.0,48919.323,0.30491018855677954
Portugal,2012,Coal,13087.0,42990.887,0.3044133516017011
Portugal,2013,Hydro,13730.418,48353.105,0.28396145397487915
Portugal,2014,Hydro,15568.913,49969.165,0.3115704054690528
Portugal,2015,Coal,14727.0,49164.340000000004,0.2995463785337096
Portugal,2016,Hydro,15723.323,56971.502,0.2759857551236757
Portugal,2017,Natural Gas,18894.581,55425.568,0.3409000878439351
Portugal,2018,Natural Gas,15611.618,56273.409,0.27742442260784306
Portugal,2019,Natural Gas,17263.453,49133.767,0.35135618646948036
Portugal,2020,Natural Gas,17599.163,48608.767,0.36205738359913553
Portugal,2021,Natural Gas,15573.85,45963.572,0.33883028064050374
Portugal,2022,Natural Gas,17393.915,41701.391,0.4171063502414104
Portugal,2023,Wind,13145.398,39817.339,0.33014255422744343
Portugal,2024,Hydro,14892.597,39154.028999999995,0.3803592473203716
Romania,2000,Coal,18926.0,48161.0,0.39297356782458837
Romania,2001,Coal,19694.0,48136.0,0.4091324580355659
Romania,2002,Coal,20312.0,50840.0,0.3995279307631786
Romania,2003,Coal,23344.0,51208.0,0.4558662708951726
Romania,2004,Coal,21483.0,54010.053,0.3977592838133301
Romania,2005,Coal,21916.0,57297.08,0.38249767701949206
Romania,2006,Coal,25146.0,60969.352,0.41243672722649244
Romania,2007,Coal,25096.0,60368.483,0.415713610030585
Romania,2008,Coal,25823.0,64197.609000000004,0.4022423950399772
Romania,2009,Coal,21748.0,56685.124,0.38366326939674683
Romania,2010,Coal,20681.0,59865.722,0.34545645336073955
Romania,2011,Coal,24782.0,61205.547999999995,0.40489793506954636
Romania,2012,Coal,22901.0,58003.858,0.39481856534439486
Romania,2013,Coal,16936.0,57537.087,0.29434927771021846
Romania,2014,Hydro,18804.575,63053.148,0.29823372181195457
Romania,2015,Coal,18125.0,63369.456000000006,0.2860210761474739
Romania,2016,Hydro,18028.207,61971.301,0.29091219175792354
Romania,2017,Coal,16780.175,61371.509999999995,0.2734196209283428
Romania,2018,Hydro,17664.206,61967.458999999995,0.28505616149276025
Romania,2019,Hydro,15580.622,56710.32,0.27474050578448506
Romania,2020,Hydro,15381.243,53159.199,0.28934301662446044
Romania,2021,Hydro,17411.941,56520.210999999996,0.3080657466052276
Romania,2022,Hydro,13976.673,52408.518000000004,0.2666870488495782
Romania,2023,Hydro,18137.022,54530.487,0.33260333801896913
Romania,2024,Hydro,14192.604,49045.509,0.2893762199511478
Serbia,2000,Coal,21433.0,31646.278,0.6772676394993433
Serbia,2001,Coal,21859.0,32246.667999999998,0.677868485512984
Serbia,2002,Coal,22559.0,32989.594,0.6838216923797245
Serbia,2003,Coal,24710.0,33984.309,0.7271002626535675
Serbia,2004,Coal,25736.0,37038.34,0.6948475552630059
Serbia,2005,Coal,23377.0,35104.575,0.6659245981471077
Serbia,2006,Coal,25019.0,35487.296,0.7050128586861055
Serbia,2007,Coal,25576.0,35442.358,0.7216224157546177
Serbia,2008,Coal,26680.0,36659.0,0.7277885376033171
Serbia,2009,Coal,26856.0,37570.0,0.7148256587702955
Serbia,2010,Coal,25022.0,37240.0,0.6719119226638024
Serbia,2011,Coal,28714.0,37882.0,0.7579853228446227
Serbia,2012,Coal,26316.0,36085.0,0.7292780933906056
Serbia,2013,Coal,28667.999,39192.820999999996,0.7314604631292042
Serbia,2014,Coal,22126.0,33389.001000000004,0.6626733156826105
Serbia,2015,Coal,27162.0,37487.001000000004,0.7245711653487564
Serbia,2016,Coal,27243.0,38474.907999999996,0.7080718685539158
Serbia,2017,Coal,26464.558,36295.723000000005,0.7291370941970214
Serbia,2018,Coal,25019.574,36512.313,0.6852366214104266
Serbia,2019,Coal,25583.173,36747.666,0.6961849767547141
Serbia,2020,Coal,26463.706,37130.793,0.7127158851684099
Serbia,2021,Coal,23769.882,37387.012,0.6357791309987543
Serbia,2022,Coal,23490.478,34749.426999999996,0.6759961250584074
Serbia,2023,Coal,23540.994,39215.897,0.6002921213302861
Serbia,2024,Coal,23259.481,36877.452000000005,0.6307236465252534
Slovakia,2000,Nuclear,16494.0,30069.0,0.5485383617679338
Slovakia,2001,Nuclear,17103.0,30711.4,0.5568941826162271
Slovakia,2002,Nuclear,17953.0,31045.0,0.5782895796424545
Slovakia,2003,Nuclear,17864.0,29821.0,0.599040944300996
Slovakia,2004,Nuclear,17026.0,29269.0,0.5817076087327889
Slovakia,2005,Nuclear,17727.0,30146.0,0.5880382140250779
Slovakia,2006,Nuclear,18012.0,30059.314,0.5992152715128496
Slovakia,2007,Nuclear,15334.0,26710.0,0.5740921003369525
Slovakia,2008,Nuclear,16703.0,27563.332000000002,0.6059862428823917
Slovakia,2009,Nuclear,14081.0,24832.561,0.567037769483381
Slovakia,2010,Nuclear,14574.0,26297.0,0.5542077043008709
Slovakia,2011,Nuclear,15411.0,26743.186999999998,0.5762589178320445
Slovakia,2012,Nuclear,15495.0,26839.0,0.5773314952121912
Slovakia,2013,Nuclear,15720.0,26976.0,0.5827402135231317
Slovakia,2014,Nuclear,15499.0,25648.0,0.604296631316282
Slovakia,2015,Nuclear,15146.0,25140.0,0.6024661893396976
Slovakia,2016,Nuclear,14774.0,25215.0,0.5859210787229824
Slovakia,2017,Nuclear,15081.0,25790.0,0.5847615354788678
Slovakia,2018,Nuclear,14843.0,24949.0,0.5949336646759389
Slovakia,2019,Nuclear,15282.0,26772.0,0.5708202599731063
Slovakia,2020,Nuclear,15444.0,27115.0,0.5695740365111562
Slovakia,2021,Nuclear,15730.0,28070.0,0.5603847524047025
Slovakia,2022,Nuclear,15920.0,24895.0,0.639485840530227
Slovakia,2023,Nuclear,18333.0,28036.0,0.6539092595234698
Slovakia,2024,Nuclear,18232.0,28104.0,0.6487332764019357
Slovenia,2000,Nuclear,4761.0,13569.451,0.3508616523984648
Slovenia,2001,Nuclear,5257.0,14339.662,0.3666055727115465
Slovenia,2002,Nuclear,5528.0,14532.061,0.3804002749506763
Slovenia,2003,Nuclear,5207.0,13770.445,0.37812866613969265
Slovenia,2004,Nuclear,5459.0,15228.239,0.3584787446532721
Slovenia,2005,Nuclear,5884.0,15074.310000000001,0.3903329571967141
Slovenia,2006,Nuclear,5548.0,15061.063,0.3683670933452705
Slovenia,2007,Nuclear,5695.0,15014.064,0.37931102464995486
Slovenia,2008,Nuclear,6273.0,16381.282,0.3829370619466779
Slovenia,2009,Nuclear,5739.0,16371.205,0.35055452546101523
Slovenia,2010,Nuclear,5657.0,16232.389,0.3485007659685829
Slovenia,2011,Nuclear,6215.0,15832.229,0.39255369537669016
Slovenia,2012,Nuclear,5528.0,15376.225999999999,0.3595160476959691
Slovenia,2013,Nuclear,5300.0,15585.765,0.3400538889172267
Slovenia,2014,Nuclear,6370.0,16860.587,0.3778041654184401
Slovenia,2015,Nuclear,5648.0,14521.228,0.38894782176824166
Slovenia,2016,Nuclear,5715.0,15941.347,0.35850170001317955
Slovenia,2017,Nuclear,6285.272,15750.408,0.3990545514757459
Slovenia,2018,Nuclear,5776.439,15858.538,0.3642478896856696
Slovenia,2019,Nuclear,5821.257,15577.653999999999,0.37369279096839614
Slovenia,2020,Nuclear,6352.766,16515.451999999997,0.38465589679289436
Slovenia,2021,Nuclear,5705.951,15076.183,0.3784745117514161
Slovenia,2022,Nuclear,5605.508,12655.071,0.44294559864579186
Slovenia,2023,Nuclear,5603.006,14577.142,0.38436930915538864
Slovenia,2024,Nuclear,5835.725,15421.506,0.37841472810761806
Spain,2000,Coal,79094.0,196561.0,0.40238908023463454
Spain,2001,Coal,70270.0,206947.0,0.33955553837455965
Spain,2002,Coal,81182.0,210019.0,0.3865459791733129
Spain,2003,Coal,74722.0,232037.0,0.3220262285756151
Spain,2004,Coal,79106.0,248576.637,0.31823586059698766
Spain,2005,Coal,79053.0,258275.831,0.3060797430945058
Spain,2006,Natural Gas,90570.0,270066.0,0.3353624669525227
Spain,2007,Natural Gas,94799.0,281209.0,0.3371122545864464
Spain,2008,Natural Gas,120798.0,288832.0,0.41822928207400845
Spain,2009,Natural Gas,107746.0,265194.0,0.40629124339163025
Spain,2010,Natural Gas,94851.0,273424.0,0.3469007841301422
Spain,2011,Natural Gas,85508.0,266124.0,0.32130886353729843
Spain,2012,Natural Gas,73308.0,265561.0,0.27604957053181756
Spain,2013,Natural Gas,57536.0,253194.017,0.22724075664078588
Spain,2014,Nuclear,57305.0,245666.487,0.23326339990362627
Spain,2015,Nuclear,57196.0,245057.0,0.23339876028842269
Spain,2016,Nuclear,58633.0,239611.35700000002,0.24470042127427205
Spain,2017,Natural Gas,64037.0,241502.0,0.2651613651232702
Spain,2018,Natural Gas,58004.0,243260.0,0.23844446271479075
Spain,2019,Natural Gas,83703.0,241748.0,0.34624071347022517
Spain,2020,Natural Gas,69739.0,227684.0,0.3062973243618348
Spain,2021,Natural Gas,71502.0,232480.0,0.30756194081211286
Spain,2022,Natural Gas,85975.0,240475.0,0.35752157188896977
Spain,2023,Wind,64275.0,220778.0,0.2911295509516347
Spain,2024,Wind,62089.787,212948.01799999998,0.29157250479786107
Sweden,2000,Hydro,78584.0,142797.0,0.5503196845872113
Sweden,2001,Hydro,79060.0,157912.0,0.5006585946603171
Sweden,2002,Nuclear,68111.0,142401.0,0.4783042253916756
Sweden,2003,Nuclear,67415.0,130015.99799999999,0.518513114055395
Sweden,2004,Nuclear,77486.0,148192.147,0.5228752101148788
Sweden,2005,Hydro,72803.0,155639.262,0.4677675739685787
Sweden,2006,Nuclear,66977.0,140257.76,0.477527945690848
Sweden,2007,Nuclear,66969.0,146515.923,0.4570766004729738
Sweden,2008,Hydro,69069.322,147192.327,0.4692453975539092
Sweden,2009,Hydro,65851.684,134512.684,0.48955743088138803
Sweden,2010,Hydro,66397.788,144828.577,0.4584577807458538
Sweden,2011,Hydro,66434.0,148078.0,0.4486419319547806
Sweden,2012,Hydro,78932.0,164854.0,0.4787994225193201
Sweden,2013,Nuclear,66457.0,151673.863,0.4381572321395941
Sweden,2014,Nuclear,64877.0,152430.967,0.42561561654332347
Sweden,2015,Hydro,75312.482,160734.48200000002,0.468552118144755
Sweden,2016,Nuclear,63101.0,154515.638,0.40837937710874284
Sweden,2017,Nuclear,65696.0,162761.0,0.4036347773729579
Sweden,2018,Nuclear,68549.0,161523.0,0.4243915727171982
Sweden,2019,Nuclear,66130.0,166518.0,0.3971342437454209
Sweden,2020,Hydro,72389.0,161912.0,0.4470885419240081
Sweden,2021,Hydro,73885.0,169066.0,0.43701867909573777
Sweden,2022,Hydro,69871.0,169935.0,0.4111630917703828
Sweden,2023,Hydro,66187.0,162082.0,0.408355030169914
Sweden,2024,Hydro,64615.0,167382.687,0.38603156131673283
Trkiye,2000,Natural Gas,46216.0,114707.72200000001,0.40290225622299425
Trkiye,2001,Natural Gas,49550.0,111637.822,0.443845993340859
Trkiye,2002,Natural Gas,52497.0,117893.12,0.4452931604490576
Trkiye,2003,Natural Gas,63536.0,130520.845,0.4867881448361754
Trkiye,2004,Natural Gas,62241.0,142123.897,0.43793479712985917
Trkiye,2005,Natural Gas,73445.0,155402.001,0.4726129620428762
Trkiye,2006,Natural Gas,80691.0,170836.905,0.47232768587091883
Trkiye,2007,Natural Gas,95025.0,183829.213,0.5169200174947167
Trkiye,2008,Natural Gas,98685.0,189493.66,0.5207825950482987
Trkiye,2009,Natural Gas,96095.0,188476.845,0.5098504275153799
Trkiye,2010,Natural Gas,98144.0,207248.372,0.47355739904195726
Trkiye,2011,Natural Gas,104048.0,226757.111,0.45885220331634935
Trkiye,2012,Natural Gas,104499.0,236064.684,0.44267104350094144
Trkiye,2013,Natural Gas,105116.0,236275.886,0.4448867033345925
Trkiye,2014,Natural Gas,120576.0,247483.806,0.48720763571900133
Trkiye,2015,Natural Gas,99218.0,256877.425,0.38624647533741047
Trkiye,2016,Coal,90388.0,268838.671,0.33621651105394734
Trkiye,2017,Natural Gas,110489.981,290246.299,0.38067662320131773
Trkiye,2018,Coal,111355.491,293824.561,0.3789863264698284
Trkiye,2019,Coal,111175.907,291469.693,0.3814321340092124
Trkiye,2020,Coal,104017.685,292318.772,0.35583648729887246
Trkiye,2021,Natural Gas,111180.755,317359.798,0.3503303055417246
Trkiye,2022,Coal,111269.025,307237.326,0.3621598535849775
Trkiye,2023,Coal,117475.17,304967.233,0.3852058755440129
Ukraine,2000,Nuclear,77341.0,169003.0,0.45763092962846813
Ukraine,2001,Nuclear,76169.0,170719.0,0.4461659217778923
Ukraine,2002,Nuclear,77990.0,171791.0,0.4539818733228167
Ukraine,2003,Nuclear,81406.0,178595.0,0.4558134326268932
Ukraine,2004,Nuclear,87022.0,180434.0,0.48229269428156557
Ukraine,2005,Nuclear,88756.0,181679.9,0.48852955115012725
Ukraine,2006,Nuclear,90225.0,189543.2,0.47601285617210215
Ukraine,2007,Nuclear,92542.0,193634.3,0.47792152526695947
Ukraine,2008,Nuclear,89841.0,189352.19999999998,0.4744650445043681
Ukraine,2009,Nuclear,82924.0,169694.7,0.48866582161964983
Ukraine,2010,Nuclear,89152.0,185549.0,0.48047685517033234
Ukraine,2011,Nuclear,90248.0,194008.4,0.4651757346589117
Ukraine,2012,Nuclear,90137.0,197564.9,0.4562399495052006
Ukraine,2013,Nuclear,83209.0,192530.8,0.4321853957912189
Ukraine,2014,Nuclear,88389.0,181220.6,0.4877425634834009
Ukraine,2015,Nuclear,87627.0,161265.9,0.5433696770364969
Ukraine,2016,Nuclear,80950.0,160774.3,0.5035008704749453
Ukraine,2017,Nuclear,85576.2,152494.3,0.5611763849534048
Ukraine,2018,Nuclear,84398.1,156172.80000000002,0.5404148481681829
Ukraine,2019,Nuclear,83002.7,149816.2,0.554030205011207
Ukraine,2020,Nuclear,76202.7,140622.1,0.5418970417878839
United Kingdom,2000,Natural Gas,148077.0,366272.0,0.4042815175607199
United Kingdom,2001,Natural Gas,141905.0,377949.077,0.3754606338144332
United Kingdom,2002,Natural Gas,152276.0,381041.342,0.39963117702855455
United Kingdom,2003,Natural Gas,148881.0,392066.407,0.37973414029322844
United Kingdom,2004,Natural Gas,157065.0,387799.926,0.4050155491777995
United Kingdom,2005,Natural Gas,152640.0,391308.538,0.390075822981404
United Kingdom,2006,Coal,148850.0,389469.354,0.38218668162527625
United Kingdom,2007,Natural Gas,165793.0,390223.498,0.42486677724363997
United Kingdom,2008,Natural Gas,176219.0,380806.14400000003,0.4627525127325676
United Kingdom,2009,Natural Gas,166499.0,369329.528,0.4508142116381228
United Kingdom,2010,Natural Gas,175654.0,376086.712,0.46705718228087784
United Kingdom,2011,Natural Gas,146499.0,363616.496,0.40289426253092764
United Kingdom,2012,Coal,142793.0,358334.881,0.3984903719155379
United Kingdom,2013,Coal,130257.0,352786.338,0.36922348166441754
United Kingdom,2014,Natural Gas,100893.0,330719.353,0.3050713515395635
United Kingdom,2015,Natural Gas,99875.416,327429.391,0.30502886651369665
United Kingdom,2016,Natural Gas,143356.074,326164.599,0.4395206421528291
United Kingdom,2017,Natural Gas,136745.82,324140.639,0.42187187765740164
United Kingdom,2018,Natural Gas,131489.78,317911.836,0.4136045441227297
United Kingdom,2019,Natural Gas,130584.983,308247.135,0.4236372967424336
